index,size,time,ip
0,-66,1640310844.882485000,163.181.33.231
1,54,1640310844.882552000,10.11.121.188
2,571,1640310844.883423000,10.11.121.188
3,571,1640310845.264975000,10.11.121.188
4,-66,1640310845.266739000,163.181.33.231
5,54,1640310845.266764000,10.11.121.188
6,-66,1640310845.589540000,163.181.33.231
7,571,1640310845.872971000,10.11.121.188
8,-54,1640310845.949082000,163.181.33.231
9,54,1640310874.893716000,10.11.121.188
10,54,1640310875.280979000,10.11.121.188
