index,size,time,ip
0,-74,1640311218.079705000,103.102.166.224
1,66,1640311218.079783000,10.11.121.188
2,583,1640311218.080697000,10.11.121.188
3,-3913,1640311218.166949000,103.102.166.224
4,66,1640311218.167004000,10.11.121.188
5,146,1640311218.179034000,10.11.121.188
6,158,1640311218.179257000,10.11.121.188
7,421,1640311218.182650000,10.11.121.188
8,-353,1640311218.261082000,103.102.166.224
9,66,1640311218.261099000,10.11.121.188
10,-337,1640311218.261119000,103.102.166.224
11,66,1640311218.261122000,10.11.121.188
12,-112,1640311218.261126000,103.102.166.224
13,66,1640311218.261130000,10.11.121.188
14,97,1640311218.261254000,10.11.121.188
15,-2802,1640311218.275058000,103.102.166.224
16,66,1640311218.275093000,10.11.121.188
17,-5538,1640311218.287361000,103.102.166.224
18,66,1640311218.287390000,10.11.121.188
19,-5538,1640311218.291790000,103.102.166.224
20,66,1640311218.291819000,10.11.121.188
21,-6238,1640311218.340097000,103.102.166.224
22,66,1640311218.340147000,10.11.121.188
23,368,1640311218.360886000,10.11.121.188
24,-66,1640311218.366528000,103.102.166.224
25,158,1640311218.368522000,10.11.121.188
26,-11010,1640311218.445740000,103.102.166.224
27,66,1640311218.445798000,10.11.121.188
28,-5781,1640311218.445829000,103.102.166.224
29,66,1640311218.445834000,10.11.121.188
30,-5538,1640311218.456500000,103.102.166.224
31,66,1640311218.456519000,10.11.121.188
32,-5538,1640311218.456539000,103.102.166.224
33,66,1640311218.456553000,10.11.121.188
34,-2802,1640311218.456581000,103.102.166.224
35,66,1640311218.456585000,10.11.121.188
36,-2802,1640311218.456589000,103.102.166.224
37,66,1640311218.456601000,10.11.121.188
38,-2066,1640311218.463682000,103.102.166.224
39,66,1640311218.463697000,10.11.121.188
40,168,1640311218.806291000,10.11.121.188
41,158,1640311218.807236000,10.11.121.188
42,161,1640311218.816227000,10.11.121.188
43,-66,1640311218.890161000,103.102.166.224
44,-9338,1640311218.900333000,103.102.166.224
45,66,1640311218.900360000,10.11.121.188
46,-1448,1640311218.902212000,103.102.166.224
47,66,1640311218.902240000,10.11.121.188
48,-1434,1640311218.902267000,103.102.166.224
49,-1551,1640311218.906872000,103.102.166.224
50,66,1640311218.906903000,10.11.121.188
51,168,1640311218.915481000,10.11.121.188
