index,size,time,ip
0,-74,1640313050.141463000,103.102.166.224
1,66,1640313050.141530000,10.11.121.188
2,583,1640313050.142408000,10.11.121.188
3,-1434,1640313050.214863000,103.102.166.224
4,66,1640313050.214920000,10.11.121.188
5,-2546,1640313050.216161000,103.102.166.224
6,66,1640313050.216187000,10.11.121.188
7,146,1640313050.231386000,10.11.121.188
8,158,1640313050.231548000,10.11.121.188
9,421,1640313050.232366000,10.11.121.188
10,-353,1640313050.305397000,103.102.166.224
11,66,1640313050.305443000,10.11.121.188
12,-353,1640313050.305497000,103.102.166.224
13,66,1640313050.305510000,10.11.121.188
14,-112,1640313050.305524000,103.102.166.224
15,66,1640313050.305534000,10.11.121.188
16,-8274,1640313050.305551000,103.102.166.224
17,66,1640313050.305572000,10.11.121.188
18,97,1640313050.305962000,10.11.121.188
19,-5538,1640313050.308797000,103.102.166.224
20,66,1640313050.308823000,10.11.121.188
21,-5538,1640313050.388959000,103.102.166.224
22,66,1640313050.388985000,10.11.121.188
23,-766,1640313050.389028000,103.102.166.224
24,66,1640313050.389044000,10.11.121.188
25,368,1640313050.409991000,10.11.121.188
26,168,1640313050.415968000,10.11.121.188
27,250,1640313050.433028000,10.11.121.188
28,161,1640313050.445432000,10.11.121.188
29,-5538,1640313050.491765000,103.102.166.224
30,66,1640313050.491784000,10.11.121.188
31,-5538,1640313050.491820000,103.102.166.224
32,66,1640313050.491824000,10.11.121.188
33,-2802,1640313050.517859000,103.102.166.224
34,66,1640313050.517873000,10.11.121.188
35,-3045,1640313050.517931000,103.102.166.224
36,66,1640313050.517935000,10.11.121.188
37,-8274,1640313050.517942000,103.102.166.224
38,66,1640313050.518727000,10.11.121.188
39,-1130,1640313050.522541000,103.102.166.224
40,-2802,1640313050.558167000,103.102.166.224
41,66,1640313050.558185000,10.11.121.188
42,-8274,1640313050.564882000,103.102.166.224
43,-2802,1640313050.564936000,103.102.166.224
44,-1434,1640313050.564939000,103.102.166.224
45,-66,1640313050.564940000,103.102.166.224
46,66,1640313050.564950000,10.11.121.188
47,66,1640313050.564975000,10.11.121.188
48,-2802,1640313050.627103000,103.102.166.224
49,66,1640313050.627117000,10.11.121.188
50,-4912,1640313050.627301000,103.102.166.224
51,66,1640313050.627310000,10.11.121.188
52,168,1640313050.880117000,10.11.121.188
53,-66,1640313050.951989000,103.102.166.224
54,-2154,1640313050.955650000,103.102.166.224
55,66,1640313050.955676000,10.11.121.188
