index,size,time,ip
0,74,1640310772.471596000,10.11.121.188
1,74,1640310773.264920000,10.11.121.188
2,74,1640310773.488983000,10.11.121.188
3,74,1640310775.280986000,10.11.121.188
4,74,1640310775.504984000,10.11.121.188
5,-66,1640310775.574870000,163.181.33.232
6,54,1640310775.574936000,10.11.121.188
7,571,1640310775.575816000,10.11.121.188
8,-54,1640310775.648572000,163.181.33.232
9,74,1640310779.344981000,10.11.121.188
10,-66,1640310779.405704000,163.181.33.232
11,54,1640310779.405775000,10.11.121.188
12,571,1640310779.406304000,10.11.121.188
13,-66,1640310779.745211000,163.181.33.232
14,54,1640310779.745239000,10.11.121.188
15,571,1640310780.432998000,10.11.121.188
16,-66,1640310780.437414000,163.181.33.232
17,54,1640310780.437444000,10.11.121.188
18,-54,1640310780.506451000,163.181.33.232
19,-1434,1640310787.430447000,163.181.33.232
20,54,1640310787.430491000,10.11.121.188
21,-1434,1640310790.498646000,163.181.33.232
22,66,1640310790.498679000,10.11.121.188
23,-1434,1640310796.642710000,163.181.33.232
24,66,1640310796.642744000,10.11.121.188
25,54,1640310805.589623000,10.11.121.188
26,54,1640310805.872982000,10.11.121.188
